{"cameraMode":{"drawMode":0,"name":"Shaded","section":"Shading Mode"},"sceneLighting":true,"audioPlay":false,"sceneViewState":{"m_AlwaysRefresh":false,"showFog":true,"showSkybox":true,"showFlares":true,"showImageEffects":true,"showParticleSystems":true,"showVisualEffectGraphs":true,"m_FxEnabled":true},"in2DMode":false,"pivot":{"x":0.7845163345336914,"y":2.7444539070129396,"z":-2.705723285675049},"rotation":{"x":0.05378735437989235,"y":-0.685222327709198,"z":0.05086657777428627,"w":0.7245626449584961},"size":2.6679346561431886,"orthographic":true}